activity_id,week,location_id,co_share_group
A001,4,PLAT:ALP:H01:EB,g001
A001,4,PLAT:ALP:H02:EB,g001
A001,4,PLAT:ALP:S04:EB,g001
A001,4,PLAT:ALP:S05:EB,g001
A001,4,SEC:ALP:H01_H02:EB,g001
A001,4,SEC:ALP:H02_S05:EB,g001
A001,4,SEC:ALP:S04_H01:EB,g001
A002,4,PLAT:ALP:H01:WB,g002
A002,4,PLAT:ALP:H02:WB,g002
A002,4,PLAT:ALP:S05:WB,g002
A002,4,SEC:ALP:H01_H02:WB,g002
A002,4,SEC:ALP:H02_S05:WB,g002
A002,5,PLAT:ALP:H01:WB,g002
A002,5,PLAT:ALP:H02:WB,g002
A002,5,PLAT:ALP:S05:WB,g002
A002,5,SEC:ALP:H01_H02:WB,g002
A002,5,SEC:ALP:H02_S05:WB,g002
A003,7,PLAT:ALP:H01:EB,g003
A003,7,PLAT:ALP:H02:EB,g003
A003,7,PLAT:ALP:S04:EB,g003
A003,7,SEC:ALP:H01_H02:EB,g003
A003,7,SEC:ALP:S04_H01:EB,g003
A004,7,PLAT:ALP:H01:EB,g003
A004,7,PLAT:ALP:H02:EB,g003
A004,7,PLAT:ALP:S04:EB,g003
A004,7,SEC:ALP:H01_H02:EB,g003
A004,7,SEC:ALP:S04_H01:EB,g003
A005,7,PLAT:ALP:H01:EB,g003
A005,7,PLAT:ALP:H02:EB,g003
A005,7,PLAT:ALP:S04:EB,g003
A005,7,SEC:ALP:H01_H02:EB,g003
A005,7,SEC:ALP:S04_H01:EB,g003
A003,8,PLAT:ALP:H01:EB,g003
A003,8,PLAT:ALP:H02:EB,g003
A003,8,PLAT:ALP:S04:EB,g003
A003,8,SEC:ALP:H01_H02:EB,g003
A003,8,SEC:ALP:S04_H01:EB,g003
A004,8,PLAT:ALP:H01:EB,g003
A004,8,PLAT:ALP:H02:EB,g003
A004,8,PLAT:ALP:S04:EB,g003
A004,8,SEC:ALP:H01_H02:EB,g003
A004,8,SEC:ALP:S04_H01:EB,g003
A005,8,PLAT:ALP:H01:EB,g003
A005,8,PLAT:ALP:H02:EB,g003
A005,8,PLAT:ALP:S04:EB,g003
A005,8,SEC:ALP:H01_H02:EB,g003
A005,8,SEC:ALP:S04_H01:EB,g003
A003,9,PLAT:ALP:H01:EB,g003
A003,9,PLAT:ALP:H02:EB,g003
A003,9,PLAT:ALP:S04:EB,g003
A003,9,SEC:ALP:H01_H02:EB,g003
A003,9,SEC:ALP:S04_H01:EB,g003
A004,9,PLAT:ALP:H01:EB,g003
A004,9,PLAT:ALP:H02:EB,g003
A004,9,PLAT:ALP:S04:EB,g003
A004,9,SEC:ALP:H01_H02:EB,g003
A004,9,SEC:ALP:S04_H01:EB,g003
A005,9,PLAT:ALP:H01:EB,g003
A005,9,PLAT:ALP:H02:EB,g003
A005,9,PLAT:ALP:S04:EB,g003
A005,9,SEC:ALP:H01_H02:EB,g003
A005,9,SEC:ALP:S04_H01:EB,g003
A003,10,PLAT:ALP:H01:EB,g003
A003,10,PLAT:ALP:H02:EB,g003
A003,10,PLAT:ALP:S04:EB,g003
A003,10,SEC:ALP:H01_H02:EB,g003
A003,10,SEC:ALP:S04_H01:EB,g003
A004,10,PLAT:ALP:H01:EB,g003
A004,10,PLAT:ALP:H02:EB,g003
A004,10,PLAT:ALP:S04:EB,g003
A004,10,SEC:ALP:H01_H02:EB,g003
A004,10,SEC:ALP:S04_H01:EB,g003
A005,10,PLAT:ALP:H01:EB,g003
A005,10,PLAT:ALP:H02:EB,g003
A005,10,PLAT:ALP:S04:EB,g003
A005,10,SEC:ALP:H01_H02:EB,g003
A005,10,SEC:ALP:S04_H01:EB,g003
A003,11,PLAT:ALP:H01:EB,g003
A003,11,PLAT:ALP:H02:EB,g003
A003,11,PLAT:ALP:S04:EB,g003
A003,11,SEC:ALP:H01_H02:EB,g003
A003,11,SEC:ALP:S04_H01:EB,g003
A004,11,PLAT:ALP:H01:EB,g003
A004,11,PLAT:ALP:H02:EB,g003
A004,11,PLAT:ALP:S04:EB,g003
A004,11,SEC:ALP:H01_H02:EB,g003
A004,11,SEC:ALP:S04_H01:EB,g003
A005,11,PLAT:ALP:H01:EB,g003
A005,11,PLAT:ALP:H02:EB,g003
A005,11,PLAT:ALP:S04:EB,g003
A005,11,SEC:ALP:H01_H02:EB,g003
A005,11,SEC:ALP:S04_H01:EB,g003
A006,11,PLAT:ALP:H01:EB,g004
A006,11,PLAT:ALP:H02:EB,g004
A006,11,PLAT:ALP:S04:EB,g004
A006,11,PLAT:ALP:S05:EB,g004
A006,11,SEC:ALP:H01_H02:EB,g004
A006,11,SEC:ALP:H02_S05:EB,g004
A006,11,SEC:ALP:S04_H01:EB,g004
A007,11,PLAT:ALP:H01:EB,g004
A007,11,PLAT:ALP:H02:EB,g004
A007,11,PLAT:ALP:S04:EB,g004
A007,11,PLAT:ALP:S05:EB,g004
A007,11,SEC:ALP:H01_H02:EB,g004
A007,11,SEC:ALP:H02_S05:EB,g004
A007,11,SEC:ALP:S04_H01:EB,g004
A008,11,PLAT:ALP:H01:EB,g004
A008,11,PLAT:ALP:H02:EB,g004
A008,11,PLAT:ALP:S04:EB,g004
A008,11,PLAT:ALP:S05:EB,g004
A008,11,SEC:ALP:H01_H02:EB,g004
A008,11,SEC:ALP:H02_S05:EB,g004
A008,11,SEC:ALP:S04_H01:EB,g004
A006,12,PLAT:ALP:H01:EB,g004
A006,12,PLAT:ALP:H02:EB,g004
A006,12,PLAT:ALP:S04:EB,g004
A006,12,PLAT:ALP:S05:EB,g004
A006,12,SEC:ALP:H01_H02:EB,g004
A006,12,SEC:ALP:H02_S05:EB,g004
A006,12,SEC:ALP:S04_H01:EB,g004
A007,12,PLAT:ALP:H01:EB,g004
A007,12,PLAT:ALP:H02:EB,g004
A007,12,PLAT:ALP:S04:EB,g004
A007,12,PLAT:ALP:S05:EB,g004
A007,12,SEC:ALP:H01_H02:EB,g004
A007,12,SEC:ALP:H02_S05:EB,g004
A007,12,SEC:ALP:S04_H01:EB,g004
A008,12,PLAT:ALP:H01:EB,g004
A008,12,PLAT:ALP:H02:EB,g004
A008,12,PLAT:ALP:S04:EB,g004
A008,12,PLAT:ALP:S05:EB,g004
A008,12,SEC:ALP:H01_H02:EB,g004
A008,12,SEC:ALP:H02_S05:EB,g004
A008,12,SEC:ALP:S04_H01:EB,g004
A009,3,PLAT:BET:H01:EB,g005
A009,3,PLAT:BET:H02:EB,g005
A009,3,SEC:BET:H01_H02:EB,g005
A009,4,PLAT:BET:H01:EB,g005
A009,4,PLAT:BET:H02:EB,g005
A009,4,SEC:BET:H01_H02:EB,g005
A009,5,PLAT:BET:H01:EB,g005
A009,5,PLAT:BET:H02:EB,g005
A009,5,SEC:BET:H01_H02:EB,g005
A009,6,PLAT:BET:H01:EB,g005
A009,6,PLAT:BET:H02:EB,g005
A009,6,SEC:BET:H01_H02:EB,g005
A010,10,PLAT:ALP:H01:WB,g006
A010,10,PLAT:ALP:H02:WB,g006
A010,10,PLAT:ALP:S05:WB,g006
A010,10,SEC:ALP:H01_H02:WB,g006
A010,10,SEC:ALP:H02_S05:WB,g006
A011,10,PLAT:ALP:H01:WB,g006
A011,10,PLAT:ALP:H02:WB,g006
A011,10,PLAT:ALP:S05:WB,g006
A011,10,SEC:ALP:H01_H02:WB,g006
A011,10,SEC:ALP:H02_S05:WB,g006
A010,11,PLAT:ALP:H01:WB,g006
A010,11,PLAT:ALP:H02:WB,g006
A010,11,PLAT:ALP:S05:WB,g006
A010,11,SEC:ALP:H01_H02:WB,g006
A010,11,SEC:ALP:H02_S05:WB,g006
A011,11,PLAT:ALP:H01:WB,g006
A011,11,PLAT:ALP:H02:WB,g006
A011,11,PLAT:ALP:S05:WB,g006
A011,11,SEC:ALP:H01_H02:WB,g006
A011,11,SEC:ALP:H02_S05:WB,g006
A010,12,PLAT:ALP:H01:WB,g006
A010,12,PLAT:ALP:H02:WB,g006
A010,12,PLAT:ALP:S05:WB,g006
A010,12,SEC:ALP:H01_H02:WB,g006
A010,12,SEC:ALP:H02_S05:WB,g006
A011,12,PLAT:ALP:H01:WB,g006
A011,12,PLAT:ALP:H02:WB,g006
A011,12,PLAT:ALP:S05:WB,g006
A011,12,SEC:ALP:H01_H02:WB,g006
A011,12,SEC:ALP:H02_S05:WB,g006
A012,2,PLAT:BET:H01:WB,g007
A012,2,PLAT:BET:H02:WB,g007
A012,2,PLAT:BET:S14:WB,g007
A012,2,SEC:BET:H01_H02:WB,g007
A012,2,SEC:BET:S14_H01:WB,g007
A012,3,PLAT:BET:H01:WB,g007
A012,3,PLAT:BET:H02:WB,g007
A012,3,PLAT:BET:S14:WB,g007
A012,3,SEC:BET:H01_H02:WB,g007
A012,3,SEC:BET:S14_H01:WB,g007
A012,4,PLAT:BET:H01:WB,g007
A012,4,PLAT:BET:H02:WB,g007
A012,4,PLAT:BET:S14:WB,g007
A012,4,SEC:BET:H01_H02:WB,g007
A012,4,SEC:BET:S14_H01:WB,g007
A012,5,PLAT:BET:H01:WB,g007
A012,5,PLAT:BET:H02:WB,g007
A012,5,PLAT:BET:S14:WB,g007
A012,5,SEC:BET:H01_H02:WB,g007
A012,5,SEC:BET:S14_H01:WB,g007
A013,1,PLAT:BET:H01:EB,g008
A013,1,PLAT:BET:H02:EB,g008
A013,1,SEC:BET:H01_H02:EB,g008
A014,1,PLAT:BET:H01:EB,g008
A014,1,PLAT:BET:H02:EB,g008
A014,1,SEC:BET:H01_H02:EB,g008
A015,1,PLAT:BET:H01:EB,g008
A015,1,PLAT:BET:H02:EB,g008
A015,1,SEC:BET:H01_H02:EB,g008
A016,1,PLAT:BET:H01:EB,g008
A016,1,PLAT:BET:H02:EB,g008
A016,1,SEC:BET:H01_H02:EB,g008
A013,2,PLAT:BET:H01:EB,g008
A013,2,PLAT:BET:H02:EB,g008
A013,2,SEC:BET:H01_H02:EB,g008
A014,2,PLAT:BET:H01:EB,g008
A014,2,PLAT:BET:H02:EB,g008
A014,2,SEC:BET:H01_H02:EB,g008
A015,2,PLAT:BET:H01:EB,g008
A015,2,PLAT:BET:H02:EB,g008
A015,2,SEC:BET:H01_H02:EB,g008
A016,2,PLAT:BET:H01:EB,g008
A016,2,PLAT:BET:H02:EB,g008
A016,2,SEC:BET:H01_H02:EB,g008
A017,1,PLAT:ALP:H01:WB,g009
A017,1,PLAT:ALP:H02:WB,g009
A017,1,PLAT:ALP:S04:WB,g009
A017,1,PLAT:ALP:S05:WB,g009
A017,1,SEC:ALP:H01_H02:WB,g009
A017,1,SEC:ALP:H02_S05:WB,g009
A017,1,SEC:ALP:S04_H01:WB,g009
A017,2,PLAT:ALP:H01:WB,g009
A017,2,PLAT:ALP:H02:WB,g009
A017,2,PLAT:ALP:S04:WB,g009
A017,2,PLAT:ALP:S05:WB,g009
A017,2,SEC:ALP:H01_H02:WB,g009
A017,2,SEC:ALP:H02_S05:WB,g009
A017,2,SEC:ALP:S04_H01:WB,g009
A017,3,PLAT:ALP:H01:WB,g009
A017,3,PLAT:ALP:H02:WB,g009
A017,3,PLAT:ALP:S04:WB,g009
A017,3,PLAT:ALP:S05:WB,g009
A017,3,SEC:ALP:H01_H02:WB,g009
A017,3,SEC:ALP:H02_S05:WB,g009
A017,3,SEC:ALP:S04_H01:WB,g009
A017,4,PLAT:ALP:H01:WB,g009
A017,4,PLAT:ALP:H02:WB,g009
A017,4,PLAT:ALP:S04:WB,g009
A017,4,PLAT:ALP:S05:WB,g009
A017,4,SEC:ALP:H01_H02:WB,g009
A017,4,SEC:ALP:H02_S05:WB,g009
A017,4,SEC:ALP:S04_H01:WB,g009
A017,5,PLAT:ALP:H01:WB,g009
A017,5,PLAT:ALP:H02:WB,g009
A017,5,PLAT:ALP:S04:WB,g009
A017,5,PLAT:ALP:S05:WB,g009
A017,5,SEC:ALP:H01_H02:WB,g009
A017,5,SEC:ALP:H02_S05:WB,g009
A017,5,SEC:ALP:S04_H01:WB,g009
A018,2,PLAT:ALP:H01:WB,g010
A018,2,PLAT:ALP:H02:WB,g010
A018,2,PLAT:ALP:S04:WB,g010
A018,2,PLAT:ALP:S05:WB,g010
A018,2,SEC:ALP:H01_H02:WB,g010
A018,2,SEC:ALP:H02_S05:WB,g010
A018,2,SEC:ALP:S04_H01:WB,g010
A019,2,PLAT:ALP:H01:WB,g010
A019,2,PLAT:ALP:H02:WB,g010
A019,2,PLAT:ALP:S04:WB,g010
A019,2,PLAT:ALP:S05:WB,g010
A019,2,SEC:ALP:H01_H02:WB,g010
A019,2,SEC:ALP:H02_S05:WB,g010
A019,2,SEC:ALP:S04_H01:WB,g010
A018,3,PLAT:ALP:H01:WB,g010
A018,3,PLAT:ALP:H02:WB,g010
A018,3,PLAT:ALP:S04:WB,g010
A018,3,PLAT:ALP:S05:WB,g010
A018,3,SEC:ALP:H01_H02:WB,g010
A018,3,SEC:ALP:H02_S05:WB,g010
A018,3,SEC:ALP:S04_H01:WB,g010
A019,3,PLAT:ALP:H01:WB,g010
A019,3,PLAT:ALP:H02:WB,g010
A019,3,PLAT:ALP:S04:WB,g010
A019,3,PLAT:ALP:S05:WB,g010
A019,3,SEC:ALP:H01_H02:WB,g010
A019,3,SEC:ALP:H02_S05:WB,g010
A019,3,SEC:ALP:S04_H01:WB,g010
A020,13,PLAT:ALP:H01:WB,g011
A020,13,PLAT:ALP:H02:WB,g011
A020,13,SEC:ALP:H01_H02:WB,g011
A020,14,PLAT:ALP:H01:WB,g011
A020,14,PLAT:ALP:H02:WB,g011
A020,14,SEC:ALP:H01_H02:WB,g011
A020,15,PLAT:ALP:H01:WB,g011
A020,15,PLAT:ALP:H02:WB,g011
A020,15,SEC:ALP:H01_H02:WB,g011
A020,16,PLAT:ALP:H01:WB,g011
A020,16,PLAT:ALP:H02:WB,g011
A020,16,SEC:ALP:H01_H02:WB,g011
A021,8,PLAT:BET:H01:EB,g012
A021,8,PLAT:BET:H02:EB,g012
A021,8,PLAT:BET:S14:EB,g012
A021,8,PLAT:BET:S15:EB,g012
A021,8,SEC:BET:H01_H02:EB,g012
A021,8,SEC:BET:H02_S15:EB,g012
A021,8,SEC:BET:S14_H01:EB,g012
A022,8,PLAT:BET:H01:EB,g012
A022,8,PLAT:BET:H02:EB,g012
A022,8,PLAT:BET:S14:EB,g012
A022,8,PLAT:BET:S15:EB,g012
A022,8,SEC:BET:H01_H02:EB,g012
A022,8,SEC:BET:H02_S15:EB,g012
A022,8,SEC:BET:S14_H01:EB,g012
A023,8,PLAT:BET:H01:EB,g012
A023,8,PLAT:BET:H02:EB,g012
A023,8,PLAT:BET:S14:EB,g012
A023,8,PLAT:BET:S15:EB,g012
A023,8,SEC:BET:H01_H02:EB,g012
A023,8,SEC:BET:H02_S15:EB,g012
A023,8,SEC:BET:S14_H01:EB,g012
A021,9,PLAT:BET:H01:EB,g012
A021,9,PLAT:BET:H02:EB,g012
A021,9,PLAT:BET:S14:EB,g012
A021,9,PLAT:BET:S15:EB,g012
A021,9,SEC:BET:H01_H02:EB,g012
A021,9,SEC:BET:H02_S15:EB,g012
A021,9,SEC:BET:S14_H01:EB,g012
A022,9,PLAT:BET:H01:EB,g012
A022,9,PLAT:BET:H02:EB,g012
A022,9,PLAT:BET:S14:EB,g012
A022,9,PLAT:BET:S15:EB,g012
A022,9,SEC:BET:H01_H02:EB,g012
A022,9,SEC:BET:H02_S15:EB,g012
A022,9,SEC:BET:S14_H01:EB,g012
A023,9,PLAT:BET:H01:EB,g012
A023,9,PLAT:BET:H02:EB,g012
A023,9,PLAT:BET:S14:EB,g012
A023,9,PLAT:BET:S15:EB,g012
A023,9,SEC:BET:H01_H02:EB,g012
A023,9,SEC:BET:H02_S15:EB,g012
A023,9,SEC:BET:S14_H01:EB,g012
A024,4,PLAT:ALP:H01:WB,g013
A024,4,PLAT:ALP:H02:WB,g013
A024,4,SEC:ALP:H01_H02:WB,g013
A025,11,PLAT:ALP:H01:EB,g014
A025,11,PLAT:ALP:H02:EB,g014
A025,11,PLAT:ALP:S05:EB,g014
A025,11,SEC:ALP:H01_H02:EB,g014
A025,11,SEC:ALP:H02_S05:EB,g014
A026,11,PLAT:ALP:H01:EB,g014
A026,11,PLAT:ALP:H02:EB,g014
A026,11,PLAT:ALP:S05:EB,g014
A026,11,SEC:ALP:H01_H02:EB,g014
A026,11,SEC:ALP:H02_S05:EB,g014
A027,11,PLAT:ALP:H01:EB,g014
A027,11,PLAT:ALP:H02:EB,g014
A027,11,PLAT:ALP:S05:EB,g014
A027,11,SEC:ALP:H01_H02:EB,g014
A027,11,SEC:ALP:H02_S05:EB,g014
A028,11,PLAT:ALP:H01:EB,g014
A028,11,PLAT:ALP:H02:EB,g014
A028,11,PLAT:ALP:S05:EB,g014
A028,11,SEC:ALP:H01_H02:EB,g014
A028,11,SEC:ALP:H02_S05:EB,g014
A025,12,PLAT:ALP:H01:EB,g014
A025,12,PLAT:ALP:H02:EB,g014
A025,12,PLAT:ALP:S05:EB,g014
A025,12,SEC:ALP:H01_H02:EB,g014
A025,12,SEC:ALP:H02_S05:EB,g014
A026,12,PLAT:ALP:H01:EB,g014
A026,12,PLAT:ALP:H02:EB,g014
A026,12,PLAT:ALP:S05:EB,g014
A026,12,SEC:ALP:H01_H02:EB,g014
A026,12,SEC:ALP:H02_S05:EB,g014
A027,12,PLAT:ALP:H01:EB,g014
A027,12,PLAT:ALP:H02:EB,g014
A027,12,PLAT:ALP:S05:EB,g014
A027,12,SEC:ALP:H01_H02:EB,g014
A027,12,SEC:ALP:H02_S05:EB,g014
A028,12,PLAT:ALP:H01:EB,g014
A028,12,PLAT:ALP:H02:EB,g014
A028,12,PLAT:ALP:S05:EB,g014
A028,12,SEC:ALP:H01_H02:EB,g014
A028,12,SEC:ALP:H02_S05:EB,g014
A029,7,PLAT:BET:H01:WB,g015
A029,7,PLAT:BET:H02:WB,g015
A029,7,PLAT:BET:S14:WB,g015
A029,7,PLAT:BET:S15:WB,g015
A029,7,SEC:BET:H01_H02:WB,g015
A029,7,SEC:BET:H02_S15:WB,g015
A029,7,SEC:BET:S14_H01:WB,g015
A030,7,PLAT:BET:H01:WB,g015
A030,7,PLAT:BET:H02:WB,g015
A030,7,PLAT:BET:S14:WB,g015
A030,7,PLAT:BET:S15:WB,g015
A030,7,SEC:BET:H01_H02:WB,g015
A030,7,SEC:BET:H02_S15:WB,g015
A030,7,SEC:BET:S14_H01:WB,g015
A029,8,PLAT:BET:H01:WB,g015
A029,8,PLAT:BET:H02:WB,g015
A029,8,PLAT:BET:S14:WB,g015
A029,8,PLAT:BET:S15:WB,g015
A029,8,SEC:BET:H01_H02:WB,g015
A029,8,SEC:BET:H02_S15:WB,g015
A029,8,SEC:BET:S14_H01:WB,g015
A030,8,PLAT:BET:H01:WB,g015
A030,8,PLAT:BET:H02:WB,g015
A030,8,PLAT:BET:S14:WB,g015
A030,8,PLAT:BET:S15:WB,g015
A030,8,SEC:BET:H01_H02:WB,g015
A030,8,SEC:BET:H02_S15:WB,g015
A030,8,SEC:BET:S14_H01:WB,g015
A029,9,PLAT:BET:H01:WB,g015
A029,9,PLAT:BET:H02:WB,g015
A029,9,PLAT:BET:S14:WB,g015
A029,9,PLAT:BET:S15:WB,g015
A029,9,SEC:BET:H01_H02:WB,g015
A029,9,SEC:BET:H02_S15:WB,g015
A029,9,SEC:BET:S14_H01:WB,g015
A030,9,PLAT:BET:H01:WB,g015
A030,9,PLAT:BET:H02:WB,g015
A030,9,PLAT:BET:S14:WB,g015
A030,9,PLAT:BET:S15:WB,g015
A030,9,SEC:BET:H01_H02:WB,g015
A030,9,SEC:BET:H02_S15:WB,g015
A030,9,SEC:BET:S14_H01:WB,g015
A029,10,PLAT:BET:H01:WB,g015
A029,10,PLAT:BET:H02:WB,g015
A029,10,PLAT:BET:S14:WB,g015
A029,10,PLAT:BET:S15:WB,g015
A029,10,SEC:BET:H01_H02:WB,g015
A029,10,SEC:BET:H02_S15:WB,g015
A029,10,SEC:BET:S14_H01:WB,g015
A030,10,PLAT:BET:H01:WB,g015
A030,10,PLAT:BET:H02:WB,g015
A030,10,PLAT:BET:S14:WB,g015
A030,10,PLAT:BET:S15:WB,g015
A030,10,SEC:BET:H01_H02:WB,g015
A030,10,SEC:BET:H02_S15:WB,g015
A030,10,SEC:BET:S14_H01:WB,g015
A031,13,PLAT:ALP:H01:EB,g016
A031,13,PLAT:ALP:H02:EB,g016
A031,13,PLAT:ALP:S04:EB,g016
A031,13,SEC:ALP:H01_H02:EB,g016
A031,13,SEC:ALP:S04_H01:EB,g016
A032,13,PLAT:ALP:H01:EB,g016
A032,13,PLAT:ALP:H02:EB,g016
A032,13,PLAT:ALP:S04:EB,g016
A032,13,SEC:ALP:H01_H02:EB,g016
A032,13,SEC:ALP:S04_H01:EB,g016
A031,14,PLAT:ALP:H01:EB,g016
A031,14,PLAT:ALP:H02:EB,g016
A031,14,PLAT:ALP:S04:EB,g016
A031,14,SEC:ALP:H01_H02:EB,g016
A031,14,SEC:ALP:S04_H01:EB,g016
A032,14,PLAT:ALP:H01:EB,g016
A032,14,PLAT:ALP:H02:EB,g016
A032,14,PLAT:ALP:S04:EB,g016
A032,14,SEC:ALP:H01_H02:EB,g016
A032,14,SEC:ALP:S04_H01:EB,g016
A031,15,PLAT:ALP:H01:EB,g016
A031,15,PLAT:ALP:H02:EB,g016
A031,15,PLAT:ALP:S04:EB,g016
A031,15,SEC:ALP:H01_H02:EB,g016
A031,15,SEC:ALP:S04_H01:EB,g016
A032,15,PLAT:ALP:H01:EB,g016
A032,15,PLAT:ALP:H02:EB,g016
A032,15,PLAT:ALP:S04:EB,g016
A032,15,SEC:ALP:H01_H02:EB,g016
A032,15,SEC:ALP:S04_H01:EB,g016
A033,3,PLAT:BET:H01:EB,g017
A033,3,PLAT:BET:H02:EB,g017
A033,3,SEC:BET:H01_H02:EB,g017
A034,3,PLAT:BET:H01:EB,g017
A034,3,PLAT:BET:H02:EB,g017
A034,3,SEC:BET:H01_H02:EB,g017
A033,4,PLAT:BET:H01:EB,g017
A033,4,PLAT:BET:H02:EB,g017
A033,4,SEC:BET:H01_H02:EB,g017
A034,4,PLAT:BET:H01:EB,g017
A034,4,PLAT:BET:H02:EB,g017
A034,4,SEC:BET:H01_H02:EB,g017
A033,5,PLAT:BET:H01:EB,g017
A033,5,PLAT:BET:H02:EB,g017
A033,5,SEC:BET:H01_H02:EB,g017
A034,5,PLAT:BET:H01:EB,g017
A034,5,PLAT:BET:H02:EB,g017
A034,5,SEC:BET:H01_H02:EB,g017
A033,6,PLAT:BET:H01:EB,g017
A033,6,PLAT:BET:H02:EB,g017
A033,6,SEC:BET:H01_H02:EB,g017
A034,6,PLAT:BET:H01:EB,g017
A034,6,PLAT:BET:H02:EB,g017
A034,6,SEC:BET:H01_H02:EB,g017
A035,13,PLAT:BET:H01:WB,g018
A035,13,PLAT:BET:H02:WB,g018
A035,13,PLAT:BET:S14:WB,g018
A035,13,PLAT:BET:S15:WB,g018
A035,13,SEC:BET:H01_H02:WB,g018
A035,13,SEC:BET:H02_S15:WB,g018
A035,13,SEC:BET:S14_H01:WB,g018
A036,13,PLAT:BET:H01:WB,g018
A036,13,PLAT:BET:H02:WB,g018
A036,13,PLAT:BET:S14:WB,g018
A036,13,PLAT:BET:S15:WB,g018
A036,13,SEC:BET:H01_H02:WB,g018
A036,13,SEC:BET:H02_S15:WB,g018
A036,13,SEC:BET:S14_H01:WB,g018
A037,13,PLAT:BET:H01:WB,g018
A037,13,PLAT:BET:H02:WB,g018
A037,13,PLAT:BET:S14:WB,g018
A037,13,PLAT:BET:S15:WB,g018
A037,13,SEC:BET:H01_H02:WB,g018
A037,13,SEC:BET:H02_S15:WB,g018
A037,13,SEC:BET:S14_H01:WB,g018
A038,13,PLAT:BET:H01:WB,g018
A038,13,PLAT:BET:H02:WB,g018
A038,13,PLAT:BET:S14:WB,g018
A038,13,PLAT:BET:S15:WB,g018
A038,13,SEC:BET:H01_H02:WB,g018
A038,13,SEC:BET:H02_S15:WB,g018
A038,13,SEC:BET:S14_H01:WB,g018
A035,14,PLAT:BET:H01:WB,g018
A035,14,PLAT:BET:H02:WB,g018
A035,14,PLAT:BET:S14:WB,g018
A035,14,PLAT:BET:S15:WB,g018
A035,14,SEC:BET:H01_H02:WB,g018
A035,14,SEC:BET:H02_S15:WB,g018
A035,14,SEC:BET:S14_H01:WB,g018
A036,14,PLAT:BET:H01:WB,g018
A036,14,PLAT:BET:H02:WB,g018
A036,14,PLAT:BET:S14:WB,g018
A036,14,PLAT:BET:S15:WB,g018
A036,14,SEC:BET:H01_H02:WB,g018
A036,14,SEC:BET:H02_S15:WB,g018
A036,14,SEC:BET:S14_H01:WB,g018
A037,14,PLAT:BET:H01:WB,g018
A037,14,PLAT:BET:H02:WB,g018
A037,14,PLAT:BET:S14:WB,g018
A037,14,PLAT:BET:S15:WB,g018
A037,14,SEC:BET:H01_H02:WB,g018
A037,14,SEC:BET:H02_S15:WB,g018
A037,14,SEC:BET:S14_H01:WB,g018
A038,14,PLAT:BET:H01:WB,g018
A038,14,PLAT:BET:H02:WB,g018
A038,14,PLAT:BET:S14:WB,g018
A038,14,PLAT:BET:S15:WB,g018
A038,14,SEC:BET:H01_H02:WB,g018
A038,14,SEC:BET:H02_S15:WB,g018
A038,14,SEC:BET:S14_H01:WB,g018
A035,15,PLAT:BET:H01:WB,g018
A035,15,PLAT:BET:H02:WB,g018
A035,15,PLAT:BET:S14:WB,g018
A035,15,PLAT:BET:S15:WB,g018
A035,15,SEC:BET:H01_H02:WB,g018
A035,15,SEC:BET:H02_S15:WB,g018
A035,15,SEC:BET:S14_H01:WB,g018
A036,15,PLAT:BET:H01:WB,g018
A036,15,PLAT:BET:H02:WB,g018
A036,15,PLAT:BET:S14:WB,g018
A036,15,PLAT:BET:S15:WB,g018
A036,15,SEC:BET:H01_H02:WB,g018
A036,15,SEC:BET:H02_S15:WB,g018
A036,15,SEC:BET:S14_H01:WB,g018
A037,15,PLAT:BET:H01:WB,g018
A037,15,PLAT:BET:H02:WB,g018
A037,15,PLAT:BET:S14:WB,g018
A037,15,PLAT:BET:S15:WB,g018
A037,15,SEC:BET:H01_H02:WB,g018
A037,15,SEC:BET:H02_S15:WB,g018
A037,15,SEC:BET:S14_H01:WB,g018
A038,15,PLAT:BET:H01:WB,g018
A038,15,PLAT:BET:H02:WB,g018
A038,15,PLAT:BET:S14:WB,g018
A038,15,PLAT:BET:S15:WB,g018
A038,15,SEC:BET:H01_H02:WB,g018
A038,15,SEC:BET:H02_S15:WB,g018
A038,15,SEC:BET:S14_H01:WB,g018
A039,12,PLAT:BET:H01:WB,g019
A039,12,PLAT:BET:H02:WB,g019
A039,12,SEC:BET:H01_H02:WB,g019
A040,12,PLAT:BET:H01:WB,g019
A040,12,PLAT:BET:H02:WB,g019
A040,12,SEC:BET:H01_H02:WB,g019
A041,12,PLAT:BET:H01:WB,g019
A041,12,PLAT:BET:H02:WB,g019
A041,12,SEC:BET:H01_H02:WB,g019
A042,12,PLAT:BET:H01:WB,g019
A042,12,PLAT:BET:H02:WB,g019
A042,12,SEC:BET:H01_H02:WB,g019
A039,13,PLAT:BET:H01:WB,g019
A039,13,PLAT:BET:H02:WB,g019
A039,13,SEC:BET:H01_H02:WB,g019
A040,13,PLAT:BET:H01:WB,g019
A040,13,PLAT:BET:H02:WB,g019
A040,13,SEC:BET:H01_H02:WB,g019
A041,13,PLAT:BET:H01:WB,g019
A041,13,PLAT:BET:H02:WB,g019
A041,13,SEC:BET:H01_H02:WB,g019
A042,13,PLAT:BET:H01:WB,g019
A042,13,PLAT:BET:H02:WB,g019
A042,13,SEC:BET:H01_H02:WB,g019
A043,2,PLAT:ALP:H01:EB,g020
A043,2,PLAT:ALP:H02:EB,g020
A043,2,SEC:ALP:H01_H02:EB,g020
A044,2,PLAT:ALP:H01:EB,g020
A044,2,PLAT:ALP:H02:EB,g020
A044,2,SEC:ALP:H01_H02:EB,g020
A045,2,PLAT:ALP:H01:EB,g020
A045,2,PLAT:ALP:H02:EB,g020
A045,2,SEC:ALP:H01_H02:EB,g020
A043,3,PLAT:ALP:H01:EB,g020
A043,3,PLAT:ALP:H02:EB,g020
A043,3,SEC:ALP:H01_H02:EB,g020
A044,3,PLAT:ALP:H01:EB,g020
A044,3,PLAT:ALP:H02:EB,g020
A044,3,SEC:ALP:H01_H02:EB,g020
A045,3,PLAT:ALP:H01:EB,g020
A045,3,PLAT:ALP:H02:EB,g020
A045,3,SEC:ALP:H01_H02:EB,g020
A046,7,PLAT:BET:H01:WB,g021
A046,7,PLAT:BET:H02:WB,g021
A046,7,PLAT:BET:S14:WB,g021
A046,7,PLAT:BET:S15:WB,g021
A046,7,SEC:BET:H01_H02:WB,g021
A046,7,SEC:BET:H02_S15:WB,g021
A046,7,SEC:BET:S14_H01:WB,g021
A047,13,PLAT:ALP:H01:EB,g022
A047,13,PLAT:ALP:H02:EB,g022
A047,13,PLAT:ALP:S05:EB,g022
A047,13,SEC:ALP:H01_H02:EB,g022
A047,13,SEC:ALP:H02_S05:EB,g022
A048,13,PLAT:ALP:H01:EB,g022
A048,13,PLAT:ALP:H02:EB,g022
A048,13,PLAT:ALP:S05:EB,g022
A048,13,SEC:ALP:H01_H02:EB,g022
A048,13,SEC:ALP:H02_S05:EB,g022
A049,13,PLAT:ALP:H01:EB,g022
A049,13,PLAT:ALP:H02:EB,g022
A049,13,PLAT:ALP:S05:EB,g022
A049,13,SEC:ALP:H01_H02:EB,g022
A049,13,SEC:ALP:H02_S05:EB,g022
A050,5,PLAT:ALP:H01:WB,g023
A050,5,PLAT:ALP:H02:WB,g023
A050,5,PLAT:ALP:S04:WB,g023
A050,5,SEC:ALP:H01_H02:WB,g023
A050,5,SEC:ALP:S04_H01:WB,g023
A051,5,PLAT:ALP:H01:WB,g023
A051,5,PLAT:ALP:H02:WB,g023
A051,5,PLAT:ALP:S04:WB,g023
A051,5,SEC:ALP:H01_H02:WB,g023
A051,5,SEC:ALP:S04_H01:WB,g023
A052,5,PLAT:ALP:H01:WB,g023
A052,5,PLAT:ALP:H02:WB,g023
A052,5,PLAT:ALP:S04:WB,g023
A052,5,SEC:ALP:H01_H02:WB,g023
A052,5,SEC:ALP:S04_H01:WB,g023
A053,5,PLAT:ALP:H01:WB,g023
A053,5,PLAT:ALP:H02:WB,g023
A053,5,PLAT:ALP:S04:WB,g023
A053,5,SEC:ALP:H01_H02:WB,g023
A053,5,SEC:ALP:S04_H01:WB,g023
A050,6,PLAT:ALP:H01:WB,g023
A050,6,PLAT:ALP:H02:WB,g023
A050,6,PLAT:ALP:S04:WB,g023
A050,6,SEC:ALP:H01_H02:WB,g023
A050,6,SEC:ALP:S04_H01:WB,g023
A051,6,PLAT:ALP:H01:WB,g023
A051,6,PLAT:ALP:H02:WB,g023
A051,6,PLAT:ALP:S04:WB,g023
A051,6,SEC:ALP:H01_H02:WB,g023
A051,6,SEC:ALP:S04_H01:WB,g023
A052,6,PLAT:ALP:H01:WB,g023
A052,6,PLAT:ALP:H02:WB,g023
A052,6,PLAT:ALP:S04:WB,g023
A052,6,SEC:ALP:H01_H02:WB,g023
A052,6,SEC:ALP:S04_H01:WB,g023
A053,6,PLAT:ALP:H01:WB,g023
A053,6,PLAT:ALP:H02:WB,g023
A053,6,PLAT:ALP:S04:WB,g023
A053,6,SEC:ALP:H01_H02:WB,g023
A053,6,SEC:ALP:S04_H01:WB,g023
A050,7,PLAT:ALP:H01:WB,g023
A050,7,PLAT:ALP:H02:WB,g023
A050,7,PLAT:ALP:S04:WB,g023
A050,7,SEC:ALP:H01_H02:WB,g023
A050,7,SEC:ALP:S04_H01:WB,g023
A051,7,PLAT:ALP:H01:WB,g023
A051,7,PLAT:ALP:H02:WB,g023
A051,7,PLAT:ALP:S04:WB,g023
A051,7,SEC:ALP:H01_H02:WB,g023
A051,7,SEC:ALP:S04_H01:WB,g023
A052,7,PLAT:ALP:H01:WB,g023
A052,7,PLAT:ALP:H02:WB,g023
A052,7,PLAT:ALP:S04:WB,g023
A052,7,SEC:ALP:H01_H02:WB,g023
A052,7,SEC:ALP:S04_H01:WB,g023
A053,7,PLAT:ALP:H01:WB,g023
A053,7,PLAT:ALP:H02:WB,g023
A053,7,PLAT:ALP:S04:WB,g023
A053,7,SEC:ALP:H01_H02:WB,g023
A053,7,SEC:ALP:S04_H01:WB,g023
A054,13,PLAT:BET:H01:EB,g024
A054,13,PLAT:BET:H02:EB,g024
A054,13,PLAT:BET:S14:EB,g024
A054,13,PLAT:BET:S15:EB,g024
A054,13,SEC:BET:H01_H02:EB,g024
A054,13,SEC:BET:H02_S15:EB,g024
A054,13,SEC:BET:S14_H01:EB,g024
A055,13,PLAT:BET:H01:WB,g025
A055,13,PLAT:BET:H02:WB,g025
A055,13,SEC:BET:H01_H02:WB,g025
A056,13,PLAT:BET:H01:WB,g025
A056,13,PLAT:BET:H02:WB,g025
A056,13,SEC:BET:H01_H02:WB,g025
A057,13,PLAT:BET:H01:WB,g025
A057,13,PLAT:BET:H02:WB,g025
A057,13,SEC:BET:H01_H02:WB,g025
A058,13,PLAT:BET:H01:WB,g025
A058,13,PLAT:BET:H02:WB,g025
A058,13,SEC:BET:H01_H02:WB,g025
A059,12,PLAT:ALP:H01:EB,g026
A059,12,PLAT:ALP:H02:EB,g026
A059,12,PLAT:ALP:S04:EB,g026
A059,12,SEC:ALP:H01_H02:EB,g026
A059,12,SEC:ALP:S04_H01:EB,g026
A060,5,PLAT:ALP:H01:EB,g027
A060,5,PLAT:ALP:H02:EB,g027
A060,5,SEC:ALP:H01_H02:EB,g027
A061,5,PLAT:ALP:H01:EB,g027
A061,5,PLAT:ALP:H02:EB,g027
A061,5,SEC:ALP:H01_H02:EB,g027
A062,5,PLAT:ALP:H01:EB,g027
A062,5,PLAT:ALP:H02:EB,g027
A062,5,SEC:ALP:H01_H02:EB,g027
A063,5,PLAT:ALP:H01:EB,g027
A063,5,PLAT:ALP:H02:EB,g027
A063,5,SEC:ALP:H01_H02:EB,g027
A060,6,PLAT:ALP:H01:EB,g027
A060,6,PLAT:ALP:H02:EB,g027
A060,6,SEC:ALP:H01_H02:EB,g027
A061,6,PLAT:ALP:H01:EB,g027
A061,6,PLAT:ALP:H02:EB,g027
A061,6,SEC:ALP:H01_H02:EB,g027
A062,6,PLAT:ALP:H01:EB,g027
A062,6,PLAT:ALP:H02:EB,g027
A062,6,SEC:ALP:H01_H02:EB,g027
A063,6,PLAT:ALP:H01:EB,g027
A063,6,PLAT:ALP:H02:EB,g027
A063,6,SEC:ALP:H01_H02:EB,g027
A060,7,PLAT:ALP:H01:EB,g027
A060,7,PLAT:ALP:H02:EB,g027
A060,7,SEC:ALP:H01_H02:EB,g027
A061,7,PLAT:ALP:H01:EB,g027
A061,7,PLAT:ALP:H02:EB,g027
A061,7,SEC:ALP:H01_H02:EB,g027
A062,7,PLAT:ALP:H01:EB,g027
A062,7,PLAT:ALP:H02:EB,g027
A062,7,SEC:ALP:H01_H02:EB,g027
A063,7,PLAT:ALP:H01:EB,g027
A063,7,PLAT:ALP:H02:EB,g027
A063,7,SEC:ALP:H01_H02:EB,g027
A064,10,PLAT:BET:H01:EB,g028
A064,10,PLAT:BET:H02:EB,g028
A064,10,PLAT:BET:S14:EB,g028
A064,10,PLAT:BET:S15:EB,g028
A064,10,SEC:BET:H01_H02:EB,g028
A064,10,SEC:BET:H02_S15:EB,g028
A064,10,SEC:BET:S14_H01:EB,g028
A065,10,PLAT:BET:H01:EB,g028
A065,10,PLAT:BET:H02:EB,g028
A065,10,PLAT:BET:S14:EB,g028
A065,10,PLAT:BET:S15:EB,g028
A065,10,SEC:BET:H01_H02:EB,g028
A065,10,SEC:BET:H02_S15:EB,g028
A065,10,SEC:BET:S14_H01:EB,g028
A066,10,PLAT:BET:H01:EB,g028
A066,10,PLAT:BET:H02:EB,g028
A066,10,PLAT:BET:S14:EB,g028
A066,10,PLAT:BET:S15:EB,g028
A066,10,SEC:BET:H01_H02:EB,g028
A066,10,SEC:BET:H02_S15:EB,g028
A066,10,SEC:BET:S14_H01:EB,g028
A064,11,PLAT:BET:H01:EB,g028
A064,11,PLAT:BET:H02:EB,g028
A064,11,PLAT:BET:S14:EB,g028
A064,11,PLAT:BET:S15:EB,g028
A064,11,SEC:BET:H01_H02:EB,g028
A064,11,SEC:BET:H02_S15:EB,g028
A064,11,SEC:BET:S14_H01:EB,g028
A065,11,PLAT:BET:H01:EB,g028
A065,11,PLAT:BET:H02:EB,g028
A065,11,PLAT:BET:S14:EB,g028
A065,11,PLAT:BET:S15:EB,g028
A065,11,SEC:BET:H01_H02:EB,g028
A065,11,SEC:BET:H02_S15:EB,g028
A065,11,SEC:BET:S14_H01:EB,g028
A066,11,PLAT:BET:H01:EB,g028
A066,11,PLAT:BET:H02:EB,g028
A066,11,PLAT:BET:S14:EB,g028
A066,11,PLAT:BET:S15:EB,g028
A066,11,SEC:BET:H01_H02:EB,g028
A066,11,SEC:BET:H02_S15:EB,g028
A066,11,SEC:BET:S14_H01:EB,g028
A064,12,PLAT:BET:H01:EB,g028
A064,12,PLAT:BET:H02:EB,g028
A064,12,PLAT:BET:S14:EB,g028
A064,12,PLAT:BET:S15:EB,g028
A064,12,SEC:BET:H01_H02:EB,g028
A064,12,SEC:BET:H02_S15:EB,g028
A064,12,SEC:BET:S14_H01:EB,g028
A065,12,PLAT:BET:H01:EB,g028
A065,12,PLAT:BET:H02:EB,g028
A065,12,PLAT:BET:S14:EB,g028
A065,12,PLAT:BET:S15:EB,g028
A065,12,SEC:BET:H01_H02:EB,g028
A065,12,SEC:BET:H02_S15:EB,g028
A065,12,SEC:BET:S14_H01:EB,g028
A066,12,PLAT:BET:H01:EB,g028
A066,12,PLAT:BET:H02:EB,g028
A066,12,PLAT:BET:S14:EB,g028
A066,12,PLAT:BET:S15:EB,g028
A066,12,SEC:BET:H01_H02:EB,g028
A066,12,SEC:BET:H02_S15:EB,g028
A066,12,SEC:BET:S14_H01:EB,g028
A067,12,PLAT:BET:H01:WB,g029
A067,12,PLAT:BET:H02:WB,g029
A067,12,PLAT:BET:S15:WB,g029
A067,12,SEC:BET:H01_H02:WB,g029
A067,12,SEC:BET:H02_S15:WB,g029
A067,14,PLAT:BET:H01:WB,g029
A067,14,PLAT:BET:H02:WB,g029
A067,14,PLAT:BET:S15:WB,g029
A067,14,SEC:BET:H01_H02:WB,g029
A067,14,SEC:BET:H02_S15:WB,g029
A067,15,PLAT:BET:H01:WB,g029
A067,15,PLAT:BET:H02:WB,g029
A067,15,PLAT:BET:S15:WB,g029
A067,15,SEC:BET:H01_H02:WB,g029
A067,15,SEC:BET:H02_S15:WB,g029
A067,16,PLAT:BET:H01:WB,g029
A067,16,PLAT:BET:H02:WB,g029
A067,16,PLAT:BET:S15:WB,g029
A067,16,SEC:BET:H01_H02:WB,g029
A067,16,SEC:BET:H02_S15:WB,g029
A068,3,PLAT:ALP:H01:WB,g030
A068,3,PLAT:ALP:H02:WB,g030
A068,3,PLAT:ALP:S04:WB,g030
A068,3,SEC:ALP:H01_H02:WB,g030
A068,3,SEC:ALP:S04_H01:WB,g030
A068,6,PLAT:ALP:H01:WB,g030
A068,6,PLAT:ALP:H02:WB,g030
A068,6,PLAT:ALP:S04:WB,g030
A068,6,SEC:ALP:H01_H02:WB,g030
A068,6,SEC:ALP:S04_H01:WB,g030
A068,7,PLAT:ALP:H01:WB,g030
A068,7,PLAT:ALP:H02:WB,g030
A068,7,PLAT:ALP:S04:WB,g030
A068,7,SEC:ALP:H01_H02:WB,g030
A068,7,SEC:ALP:S04_H01:WB,g030
A068,8,PLAT:ALP:H01:WB,g030
A068,8,PLAT:ALP:H02:WB,g030
A068,8,PLAT:ALP:S04:WB,g030
A068,8,SEC:ALP:H01_H02:WB,g030
A068,8,SEC:ALP:S04_H01:WB,g030
A069,9,PLAT:ALP:H01:WB,g031
A069,9,PLAT:ALP:H02:WB,g031
A069,9,PLAT:ALP:S04:WB,g031
A069,9,PLAT:ALP:S05:WB,g031
A069,9,SEC:ALP:H01_H02:WB,g031
A069,9,SEC:ALP:H02_S05:WB,g031
A069,9,SEC:ALP:S04_H01:WB,g031
A070,9,PLAT:ALP:H01:WB,g031
A070,9,PLAT:ALP:H02:WB,g031
A070,9,PLAT:ALP:S04:WB,g031
A070,9,PLAT:ALP:S05:WB,g031
A070,9,SEC:ALP:H01_H02:WB,g031
A070,9,SEC:ALP:H02_S05:WB,g031
A070,9,SEC:ALP:S04_H01:WB,g031
A071,9,PLAT:ALP:H01:WB,g031
A071,9,PLAT:ALP:H02:WB,g031
A071,9,PLAT:ALP:S04:WB,g031
A071,9,PLAT:ALP:S05:WB,g031
A071,9,SEC:ALP:H01_H02:WB,g031
A071,9,SEC:ALP:H02_S05:WB,g031
A071,9,SEC:ALP:S04_H01:WB,g031
A072,9,PLAT:ALP:H01:WB,g031
A072,9,PLAT:ALP:H02:WB,g031
A072,9,PLAT:ALP:S04:WB,g031
A072,9,PLAT:ALP:S05:WB,g031
A072,9,SEC:ALP:H01_H02:WB,g031
A072,9,SEC:ALP:H02_S05:WB,g031
A072,9,SEC:ALP:S04_H01:WB,g031
A069,10,PLAT:ALP:H01:WB,g031
A069,10,PLAT:ALP:H02:WB,g031
A069,10,PLAT:ALP:S04:WB,g031
A069,10,PLAT:ALP:S05:WB,g031
A069,10,SEC:ALP:H01_H02:WB,g031
A069,10,SEC:ALP:H02_S05:WB,g031
A069,10,SEC:ALP:S04_H01:WB,g031
A070,10,PLAT:ALP:H01:WB,g031
A070,10,PLAT:ALP:H02:WB,g031
A070,10,PLAT:ALP:S04:WB,g031
A070,10,PLAT:ALP:S05:WB,g031
A070,10,SEC:ALP:H01_H02:WB,g031
A070,10,SEC:ALP:H02_S05:WB,g031
A070,10,SEC:ALP:S04_H01:WB,g031
A071,10,PLAT:ALP:H01:WB,g031
A071,10,PLAT:ALP:H02:WB,g031
A071,10,PLAT:ALP:S04:WB,g031
A071,10,PLAT:ALP:S05:WB,g031
A071,10,SEC:ALP:H01_H02:WB,g031
A071,10,SEC:ALP:H02_S05:WB,g031
A071,10,SEC:ALP:S04_H01:WB,g031
A072,10,PLAT:ALP:H01:WB,g031
A072,10,PLAT:ALP:H02:WB,g031
A072,10,PLAT:ALP:S04:WB,g031
A072,10,PLAT:ALP:S05:WB,g031
A072,10,SEC:ALP:H01_H02:WB,g031
A072,10,SEC:ALP:H02_S05:WB,g031
A072,10,SEC:ALP:S04_H01:WB,g031
